[
    {"pk": 1, "model": "sites.site", "fields": {"domain": "www.lianbi.com.cn", "name": "lianbi.com.cn"}},
    {"pk": 2, "model": "sites.site", "fields": {"domain": "192.168.1.114:8000", "name": "host server"}},
    {"pk": 3, "model": "sites.site", "fields": {"domain": "example.com","name": "example"}},
    {"pk": 4, "model": "sites.site", "fields": {"domain": "192.168.1.100:8000","name": "100"}},
    {"pk": 9, "model": "sites.site", "fields": {"domain": "localhost:8000","name": "localhost:8000"}},
    
    {"pk":1, "model": "profiles.province", "fields": {"name": "四川", "desc": "天府之国"}},
    {"pk":2, "model": "profiles.province", "fields": {"name": "云南", "desc": "彩云之南"}},
    {"pk":3, "model": "profiles.province", "fields": {"name": "北京", "desc": "首都"}},
    {"pk":4, "model": "profiles.province", "fields": {"name": "上海", "desc": "东方明珠"}},
    {"pk":5, "model": "profiles.province", "fields": {"name": "广东", "desc": "南方省份"}},
    {"pk":6, "model": "profiles.province", "fields": {"name": "江苏", "desc": "东部省份"}},
    {"pk":7, "model": "profiles.province", "fields": {"name": "陕西", "desc": "兵马俑"}},
    {"pk":8, "model": "profiles.province", "fields": {"name": "重庆", "desc": "重庆"}},
    {"pk":999, "model": "profiles.province", "fields": {"name": "其他", "desc": "其他"}},
    
    {"pk":1, "model": "profiles.city", "fields": {"name": "全部", "province": 999}},
    {"pk":2, "model": "profiles.city", "fields": {"name": "成都", "province": 1}},
    {"pk":3, "model": "profiles.city", "fields": {"name": "瑞丽", "province": 2}},
    {"pk":4, "model": "profiles.city", "fields": {"name": "上海", "province": 4}},
    {"pk":5, "model": "profiles.city", "fields": {"name": "北京", "province": 3}}, 
    {"pk":6, "model": "profiles.city", "fields": {"name": "深圳", "province": 5}},
    {"pk":7, "model": "profiles.city", "fields": {"name": "广州", "province": 5}},
    {"pk":8, "model": "profiles.city", "fields": {"name": "南京", "province": 6}},
    {"pk":9, "model": "profiles.city", "fields": {"name": "昆明", "province": 2}},
    {"pk": 10, "model": "profiles.city", "fields": {"name": "西安", "province": 7}},    
    {"pk": 11, "model": "profiles.city", "fields": {"name": "重庆", "province": 8}},
    {"pk": 9999, "model": "profiles.city", "fields": {"name": "其他", "province": 999}},
    
    {"pk":9999, "model": "profiles.area", "fields": {"name": "全部", "city": 9999}},
    
    {"pk":1, "model": "profiles.area", "fields": {"name": "成华区", "city": 2}},
    {"pk":2, "model": "profiles.area", "fields": {"name": "金牛区", "city": 2}},
    {"pk":3, "model": "profiles.area", "fields": {"name": "高新区", "city": 2}},          
    {"pk":4, "model": "profiles.area", "fields": {"name": "武侯区", "city": 2}},
    {"pk":5, "model": "profiles.area", "fields": {"name": "锦江区", "city": 2}},
    {"pk":6, "model": "profiles.area", "fields": {"name": "双流县", "city": 2}},
    {"pk":7, "model": "profiles.area", "fields": {"name": "高新西区", "city": 2}},
    {"pk":8, "model": "profiles.area", "fields": {"name": "青羊区", "city": 2}},
    {"pk":29, "model": "profiles.area", "fields": {"name": "其他", "city": 2}},
    
    {"pk":31, "model": "profiles.area", "fields": {"name": "北碚区", "city": 11}},
    {"pk":32, "model": "profiles.area", "fields": {"name": "大渡口区", "city": 11}},
    {"pk":33, "model": "profiles.area", "fields": {"name": "沙坪坝区", "city": 11}},          
    {"pk":34, "model": "profiles.area", "fields": {"name": "江北区", "city": 11}},
    {"pk":35, "model": "profiles.area", "fields": {"name": "渝北区", "city": 11}},
    {"pk":36, "model": "profiles.area", "fields": {"name": "南岸区", "city": 11}},
    {"pk":37, "model": "profiles.area", "fields": {"name": "渝中区", "city": 11}},
    {"pk":38, "model": "profiles.area", "fields": {"name": "九龙坡区", "city": 11}},
    {"pk":39, "model": "profiles.area", "fields": {"name": "巴南区", "city": 11}},
    {"pk":40, "model": "profiles.area", "fields": {"name": "江津区", "city": 11}},
    {"pk":59, "model": "profiles.area", "fields": {"name": "其他", "city": 11}}
]
