[
    {"pk": 1, "model": "sites.site", "fields": {"domain": "www.kliyes.com", "name": "www.kliyes.com"}},
    {"pk": 2, "model": "sites.site", "fields": {"domain": "192.168.1.114:8000", "name": "host server"}},
    {"pk": 3, "model": "sites.site", "fields": {"domain": "example.com","name": "example"}},
    {"pk": 4, "model": "sites.site", "fields": {"domain": "192.168.1.100:8000","name": "100"}},
    {"pk": 9, "model": "sites.site", "fields": {"domain": "localhost:8000","name": "localhost:8000"}},
    
    {"pk": 1, "model": "books.category", "fields": {"name": "letter","label": "文学"}},
    {"pk": 2, "model": "books.category", "fields": {"name": "novel","label": "小说"}},
    {"pk": 3, "model": "books.category", "fields": {"name": "art","label": "艺术"}},
    {"pk": 4, "model": "books.category", "fields": {"name": "bio","label": "传记"}},
    {"pk": 5, "model": "books.category", "fields": {"name": "moti","label": "励志"}},
    {"pk": 6, "model": "books.category", "fields": {"name": "exam","label": "应试"}},
    {"pk": 7, "model": "books.category", "fields": {"name": "txtbook","label": "教材"}},
    {"pk": 8, "model": "books.category", "fields": {"name": "manage","label": "管理"}},
    {"pk": 9, "model": "books.category", "fields": {"name": "fun","label": "娱乐"}},
    {"pk": 10, "model": "books.category", "fields": {"name": "tech","label": "科技"}},
    {"pk": 11, "model": "books.category", "fields": {"name": "history","label": "历史"}},
    {"pk": 12, "model": "books.category", "fields": {"name": "other", "label": "其他"}},
	    
    {"pk":1, "model": "profiles.province", "fields": {"name": "四川", "desc": "天府之国"}},
    {"pk":2, "model": "profiles.province", "fields": {"name": "云南", "desc": "彩云之南"}},
    {"pk":3, "model": "profiles.province", "fields": {"name": "北京", "desc": "首都"}},
    {"pk":4, "model": "profiles.province", "fields": {"name": "上海", "desc": "东方明珠"}},
    {"pk":5, "model": "profiles.province", "fields": {"name": "广东", "desc": "南方省份"}},
    {"pk":6, "model": "profiles.province", "fields": {"name": "江苏", "desc": "东部省份"}},
    {"pk":7, "model": "profiles.province", "fields": {"name": "陕西", "desc": "兵马俑"}},
    {"pk":8, "model": "profiles.province", "fields": {"name": "重庆", "desc": "重庆"}},
    {"pk":999, "model": "profiles.province", "fields": {"name": "其他", "desc": "其他"}},
    
    {"pk":1, "model": "profiles.city", "fields": {"name": "全部", "province": 999}},
    {"pk":2, "model": "profiles.city", "fields": {"name": "成都", "province": 1}},
    {"pk":3, "model": "profiles.city", "fields": {"name": "瑞丽", "province": 2}},
    {"pk":4, "model": "profiles.city", "fields": {"name": "上海", "province": 4}},
    {"pk":5, "model": "profiles.city", "fields": {"name": "北京", "province": 3}}, 
    {"pk":6, "model": "profiles.city", "fields": {"name": "深圳", "province": 5}},
    {"pk":7, "model": "profiles.city", "fields": {"name": "广州", "province": 5}},
    {"pk":8, "model": "profiles.city", "fields": {"name": "南京", "province": 6}},
    {"pk":9, "model": "profiles.city", "fields": {"name": "昆明", "province": 2}},
    {"pk": 10, "model": "profiles.city", "fields": {"name": "西安", "province": 7}},    
    {"pk": 11, "model": "profiles.city", "fields": {"name": "重庆", "province": 8}},
    {"pk": 9999, "model": "profiles.city", "fields": {"name": "其他", "province": 999}},
    
    {"pk":9999, "model": "profiles.area", "fields": {"name": "全部", "city": 9999}},
    
    {"pk":1, "model": "profiles.area", "fields": {"name": "成华区", "city": 2}},
    {"pk":2, "model": "profiles.area", "fields": {"name": "金牛区", "city": 2}},
    {"pk":3, "model": "profiles.area", "fields": {"name": "高新区", "city": 2}},          
    {"pk":4, "model": "profiles.area", "fields": {"name": "武侯区", "city": 2}},
    {"pk":5, "model": "profiles.area", "fields": {"name": "锦江区", "city": 2}},
    {"pk":6, "model": "profiles.area", "fields": {"name": "双流县", "city": 2}},
    {"pk":7, "model": "profiles.area", "fields": {"name": "高新西区", "city": 2}},
    {"pk":8, "model": "profiles.area", "fields": {"name": "青羊区", "city": 2}},
    {"pk":29, "model": "profiles.area", "fields": {"name": "其他", "city": 2}},
    
    {"pk":31, "model": "profiles.area", "fields": {"name": "北碚区", "city": 11}},
    {"pk":32, "model": "profiles.area", "fields": {"name": "大渡口区", "city": 11}},
    {"pk":33, "model": "profiles.area", "fields": {"name": "沙坪坝区", "city": 11}},          
    {"pk":34, "model": "profiles.area", "fields": {"name": "江北区", "city": 11}},
    {"pk":35, "model": "profiles.area", "fields": {"name": "渝北区", "city": 11}},
    {"pk":36, "model": "profiles.area", "fields": {"name": "南岸区", "city": 11}},
    {"pk":37, "model": "profiles.area", "fields": {"name": "渝中区", "city": 11}},
    {"pk":38, "model": "profiles.area", "fields": {"name": "九龙坡区", "city": 11}},
    {"pk":39, "model": "profiles.area", "fields": {"name": "巴南区", "city": 11}},
    {"pk":40, "model": "profiles.area", "fields": {"name": "江津区", "city": 11}},
    {"pk":59, "model": "profiles.area", "fields": {"name": "其他", "city": 11}},
    
    {"pk":1, "model": "sites.motto", "fields": {"author": "高尔基 ", "content": "书是人类进步的阶梯"}},
    {"pk":2, "model": "sites.motto", "fields": {"author": "莎士比亚 ", "content": "书籍是人类知识的总统"}},
    {"pk":3, "model": "sites.motto", "fields": {"author": "普希金 ", "content": "人的影响短暂而微弱，书的影响则广泛而深远"}},          
    {"pk":4, "model": "sites.motto", "fields": {"author": "列夫·托尔斯泰 ", "content": "理想的书籍是智慧的钥匙"}},
    {"pk":5, "model": "sites.motto", "fields": {"author": "巴罗", "content": "一个爱书的人，他必定不致于缺少一个忠实的朋友，一个良好的老师，一个可爱的伴侣，一个温情的安慰者"}},
    {"pk":6, "model": "sites.motto", "fields": {"author": "雨果", "content": "书籍是朋友，虽然没有热情，但是非常忠实"}},
    {"pk":7, "model": "sites.motto", "fields": {"author": "莎士比亚 ", "content": "书籍是全世界的营养品。生活里没有书籍，就好像没有阳光；智慧里没有书籍，就好像鸟儿没有翅膀"}},
    {"pk":8, "model": "sites.motto", "fields": {"author": "夸美绍斯 ", "content": "书籍是培植智慧的工具"}},
    {"pk":9, "model": "sites.motto", "fields": {"author": "凯勒 ", "content": "一本书像一艘船，带领我们从狭獈的地方，驶向生活的无限广阔的海洋"}},
    {"pk":10, "model": "sites.motto", "fields": {"author": "歌德", "content": "读一本好书，就是和许多高尚的人谈话"}}
]
